Question,Answer
What are the admission criteria?,You need at least 60% in your previous degree.
How to apply for scholarships?,Visit the scholarship section on the university website.
What is the university contact email?,You can email us at contact@must.edu.pk.
who is Chashman Aslam?,She is a CS student.
Who is Doctor Adnan Alvi?,He is a dld Professor.
What is the duration of the BS Computer Science program?,"The BS Computer Science program is 4 years long, comprising 8 semesters."
What does the BS Computer Science program focus on?,"It focuses on computer science principles, theories, and practical applications."
What core areas are taught in this program?,"Core areas include programming, algorithms, data structures, computer architecture, operating systems, and software engineering."
Does the program teach software development skills?,"Yes, it includes coding, debugging, testing, and software deployment."
Will I work on group projects?,"Yes, there are team-based assignments, presentations, and group projects."
Are there elective courses in the program?,"Yes, electives include AI, machine learning, data science, cybersecurity, web development, and mobile computing."
Can I specialize during the program?,"Yes, you can choose specialization tracks in different fields of computing."
Does the program improve problem-solving skills?,"Yes, it develops analytical thinking, algorithmic reasoning, and problem-solving abilities."
What are the core courses in the curriculum?,"They include programming languages, data structures, algorithms, computer networks, database systems, and software engineering."
What are some electives offered?,"Electives include artificial intelligence, machine learning, cybersecurity, computer graphics, and game development."
Does the program include practical learning?,"Yes, through programming labs, internships, and industry collaborations."
Is there a final project or thesis?,"Yes, a capstone project or thesis is required in the final year."
What jobs can I get after completing this program?,"You can work in software development, systems analysis, database administration, web and mobile app development, and cybersecurity."
Can I become a game developer with this degree?,"Yes, game development is one of the potential career paths."
Is data science part of the program?,"Yes, data science is offered as an elective and a career option."
Does the university provide industry exposure?,"Yes, through hands-on projects, internships, and collaborations."
Do I need programming knowledge before enrolling?,"No, the program teaches programming from the basics."
Can I participate in research?,"Yes, through the thesis or capstone project under faculty supervision."
Will I learn mobile app development?,"Yes, mobile computing is part of the elective courses."
Does the program cover AI and machine learning?,"Yes, both are available as electives and career tracks."
What is the duration of the BS Software Engineering program?,"The BS Software Engineering program is 4 years long, consisting of 8 semesters."
What is the focus of the BS Software Engineering program?,"It focuses on preparing students for careers in software development by combining theoretical foundations with hands-on experience."
What core computer science principles are covered?,"The program includes programming, algorithms, data structures, and development methodologies."
Does the program cover the full software development lifecycle?,"Yes, it covers everything from requirements analysis to implementation, testing, and deployment."
Will I gain communication and teamwork skills?,"Yes, the program emphasizes collaboration, communication, and teamwork."
Is software maintenance part of the program?,"Yes, students learn how to design, develop, test, and maintain software systems."
Does the program encourage critical thinking?,"Yes, critical thinking and analytical skills are key outcomes of the program."
Is creativity and innovation emphasized?,"Yes, the program promotes creativity and innovation in software solution development."
Will I be trained for careers in software engineering?,"Yes, the program prepares students for various software-related career paths."
Does the program address professionalism and ethics?,"Yes, it includes training in ethical conduct, professionalism, and social responsibility."
Will I learn about emerging technologies?,"Yes, students are exposed to current tools, trends, and technologies in the software industry."
Does the curriculum include programming basics?,"Yes, programming languages and computer architecture are part of the foundational content."
Is web development taught in the program?,"Yes, students learn to design and develop web-based applications."
Will I study database systems?,"Yes, the program covers SQL, database modeling, and administration."
Is mobile app development included?,"Yes, mobile development for iOS and Android is part of the curriculum."
Does the program teach project management?,"Yes, students learn project planning, budgeting, scheduling, and team leadership."
Is there a software quality assurance course?,"Yes, students study software testing methods and quality assurance tools."
Is there a capstone project?,"Yes, students complete a capstone project to apply what they've learned."
What careers can I pursue after graduation?,"Graduates can work as software engineers, web developers, QA engineers, or in many other roles."
Can I become a mobile app developer?,"Yes, mobile application development is a core part of the training."
Is it possible to start my own software company?,"Yes, the program supports entrepreneurship and innovation in software solutions."
What is the duration of the BS Information Technology program?,"The BS Information Technology program is 4 years long, consisting of 8 semesters."
What is the focus of the BS IT program?,"It focuses on IT concepts, tools, and technologies to prepare students for careers in the IT industry."
What kind of problems will students learn to solve?,"Students will learn to analyze and solve real-world problems using IT tools and methodologies."
Does the program teach software development?,"Yes, students gain a strong foundation in programming and software development."
Will students learn about emerging technologies?,"Yes, the program exposes students to emerging IT trends and best practices."
Is professionalism and ethics part of the program?,"Yes, the program fosters ethical conduct and commitment to lifelong learning."
Are communication skills developed in this program?,"Yes, it emphasizes communication, presentation, and interpersonal skills."
What technical skills are covered?,"Students learn to design, develop, implement, and manage IT systems and solutions."
Does the program encourage innovation?,"Yes, it fosters creativity and innovation in applying IT to real-world challenges."
Will students work in teams?,"Yes, the program prepares students to work in multidisciplinary teams and collaborate with stakeholders."
Can students take leadership roles after graduation?,"Yes, the program prepares students for leadership responsibilities in IT."
What does the IT fundamentals course include?,"It covers computer hardware, software, networking, and operating systems."
What programming languages are taught?,"Students learn Java, Python, and C# for software development."
Is database management taught in the program?,"Yes, it covers database design, SQL, implementation, and administration."
Is web development included in the curriculum?,"Yes, students learn HTML, CSS, JavaScript, PHP, and backend development."
Will students learn about network security?,"Yes, the program includes cybersecurity principles and network protection practices."
Does the program include systems analysis and design?,"Yes, it covers requirement gathering, system modeling, and development methodologies."
Is cloud computing part of the curriculum?,"Yes, students learn cloud services, models, and implementation of cloud solutions."
What project management skills are taught?,"Students learn planning, scheduling, budgeting, and managing IT projects."
What careers can I pursue after this program?,"Graduates can work as IT consultants, developers, network or database administrators, analysts, or cloud architects."
Can I work in cybersecurity after graduation?,"Yes, cybersecurity analyst is a potential career path."
Can I become a systems analyst with this degree?,"Yes, systems analysis and solution design are core parts of the program."
Can I work in cloud technology?,"Yes, the program prepares students for cloud computing roles like cloud solutions architect."
What is the duration of the DVM program?,"The DVM program is 5 years long, consisting of 10 semesters."
What is the focus of the DVM program?,"It focuses on veterinary science, combining academic knowledge with practical experience."
Does the program include hands-on training?,"Yes, students receive hands-on experience in labs, clinics, and field visits."
What kind of animals will I learn to treat?,"The program covers both small animals like dogs and cats, and large animals like cattle and horses."
Will I study animal anatomy and physiology?,"Yes, these are core subjects in the curriculum."
Does the program teach veterinary surgery?,"Yes, veterinary surgery is a key component of the training."
What ethical values are taught in the program?,"The program emphasizes professionalism, compassion, and ethical practice."
Is there a focus on lifelong learning?,"Yes, the program prepares students for continuous professional development."
Will I learn about animal nutrition?,"Yes, animal nutrition is part of the curriculum."
Is veterinary pathology included in the curriculum?,"Yes, students study veterinary pathology as a core subject."
Are public health and epidemiology covered?,"Yes, the program includes training in public health and epidemiology."
Will I learn about veterinary pharmacology?,"Yes, veterinary pharmacology and toxicology are included in the curriculum."
What practical experiences are included?,"Students participate in labs, clinical rotations, field visits, and hands-on sessions."
What are the career options after DVM?,"Graduates can work in small or large animal practice, public health, research, or government agencies."
Can I work in equine medicine?,"Yes, equine medicine is one of the career paths available."
Is teaching a possible career after DVM?,"Yes, graduates can pursue teaching and research roles at academic institutions."
Can I work in the pharmaceutical industry after DVM?,"Yes, pharmaceutical companies hire veterinary graduates for research and product development."
Are government jobs available for DVM graduates?,"Yes, graduates can work in agriculture departments, wildlife conservation, and related areas."
Does the program promote leadership skills?,"Yes, it fosters collaboration and leadership for interdisciplinary work."
Can I do veterinary research after this program?,"Yes, the program prepares students for careers in veterinary research."
What is the duration of the Livestock Assistant Diploma program?,"The program lasts 2 years."
What is the focus of the LAD program?,"It focuses on livestock management, animal care, and veterinary support services."
Does the program include hands-on training?,"Yes, it includes lab work, field visits, and internships."
What skills will I gain from this diploma?,"You will learn animal husbandry, nutrition, health care, and reproduction."
Will I learn about livestock breeds and production systems?,"Yes, this is a core part of the curriculum."
Is veterinary first aid part of the program?,"Yes, basics of veterinary medicine and first aid are included."
Will I be trained to handle livestock?,"Yes, handling, restraint, and basic care of livestock species are taught."
Are professionalism and ethics part of the training?,"Yes, the program emphasizes professionalism, ethics, and teamwork."
Is farm management included in the curriculum?,"Yes, farm management and record keeping are covered."
Will I learn business or entrepreneurial skills?,"Yes, entrepreneurship and business skills are part of the program."
Does the program prepare me for agricultural extension services?,"Yes, it trains students to work in agricultural extension and community development."
Where can I work after completing the LAD program?,"You can work on livestock farms, in veterinary clinics, or agricultural departments."
Can I work at a poultry farm with this diploma?,"Yes, poultry farms and hatcheries are potential employers."
Is this diploma suitable for working at dairy farms?,"Yes, dairy farms and milk production facilities are ideal workplaces for LAD graduates."
Are government jobs available for LAD graduates?,"Yes, you can work in agriculture and livestock departments."
Can I work in livestock feed and nutrition companies?,"Yes, LAD graduates are suited for roles in such companies."
Is animal breeding part of the career path?,"Yes, graduates can work in animal breeding and genetics firms."
Does the program include community development training?,"Yes, agricultural extension and community development are part of the curriculum."
Can I assist veterinarians after completing this diploma?,"Yes, it prepares you to support veterinarians in clinics and hospitals."
Is the LAD program practical or only theoretical?,"It is both practical and theoretical, with a strong focus on hands-on learning."
What is the duration of the AIT Diploma program?,"The AIT Diploma is a 6-month training program."
What is the focus of the AIT program?,"It trains students to perform artificial insemination procedures in livestock."
Does the AIT program include hands-on training?,"Yes, it includes lab sessions, field demos, and internships."
Will I learn about reproductive anatomy in livestock?,"Yes, reproductive anatomy and physiology are core topics."
Does the program cover semen collection and processing?,"Yes, semen collection, evaluation, and processing are included."
What techniques are taught for insemination?,"Artificial insemination procedures and techniques are covered."
Will I learn about disease control in breeding?,"Yes, reproductive health and disease control are part of the curriculum."
Does the program teach estrus synchronization?,"Yes, estrus synchronization and breeding management are taught."
Will I learn semen storage methods?,"Yes, semen handling and storage methods are included."
Are ethics covered in the program?,"Yes, ethics and professionalism in AI services are emphasized."
Is biosecurity part of the training?,"Yes, hygiene and biosecurity practices in AI facilities are covered."
Will I learn how to manage breeding data?,"Yes, record keeping and data management are included."
What career paths are available after this diploma?,"You can work at breeding centers, dairy farms, AI centers, or government livestock departments."
Can I work at veterinary clinics after this diploma?,"Yes, veterinary clinics and reproductive service centers hire AIT technicians."
Can I work in poultry or swine facilities?,"Yes, AIT technicians are employed in poultry and swine breeding operations."
Is biotechnology part of the career options?,"Yes, you can work in livestock genetics and biotechnology companies."
Can I join agricultural extension services with this diploma?,"Yes, AIT graduates can work in extension services for AI and breeding support."
Is this diploma suitable for beginners?,"Yes, it is designed for entry-level training in artificial insemination."
What is the full name of MUST?,"Multan University of Science and Technology."
Where is MUST located?,"MUST is located in Multan, Pakistan."
What does MUST stand for?,"MUST stands for Multan University of Science and Technology."
What are the core values of MUST?,"Excellence, Innovation, Diversity, and Ethics."
What is the mission of MUST?,"Advancing knowledge and transforming lives."
What does MUST focus on?,"MUST ensures academic and personal excellence for students, faculty, and staff."
What is the partnership between LUMSx and MUST?,"LUMSx and MUST have officially joined hands through a Memorandum of Understanding (MoU)."
What does the LUMSx-MUST MoU aim to do?,"The MoU aims to redefine learning opportunities and enhance academic excellence."
What will MUST students gain from the LUMSx partnership?,"MUST students will gain access to LUMSx’s world-class online courses and faculty development programs."
How will this collaboration benefit faculty members?,"Faculty members will receive specialized training programs to improve teaching methodologies and academic excellence."
What is the goal of the LUMSx-MUST collaboration?,"The goal is to shape the future of accessible, high-impact education."
Who is the new Vice Chancellor of Multan University of Science and Technology?,"Engr. Prof. Dr. Jameel Ahmed is the new Vice Chancellor of MUST."
What is the role of Engr. Prof. Dr. Jameel Ahmed at MUST?,"He has assumed the position of Vice Chancellor at Multan University of Science and Technology."
How did the university respond to the new Vice Chancellor?,"The Board of Governors, Management, and Faculty warmly welcomed Engr. Prof. Dr. Jameel Ahmed."
What are the expectations from the new Vice Chancellor?,"The university looks forward to becoming a leading and innovative institution under his leadership."
What is the duration of the Pharm D program?,"The Doctor of Pharmacy (Pharm D) program is 5 years long, consisting of 10 semesters."
What is the goal of the Pharm D program?,"The program prepares students for careers as pharmacists in various healthcare settings."
What subjects are covered in the Pharm D curriculum?,"Subjects include pharmaceutical chemistry, pharmacology, pharmaceutics, pharmacokinetics, clinical pharmacy, and healthcare ethics."
Will I learn about medication therapy management?,"Yes, the program trains students in optimizing medication therapy including dosing, monitoring, and patient education."
Does the program teach pharmacy practice management?,"Yes, students learn pharmacy practice management and healthcare ethics."
What kind of practical experience is included?,"The program includes laboratory sessions, experiential learning, and clinical rotations."
Are clinical pharmacy and patient care part of the program?,"Yes, clinical pharmacy and patient care are key components."
Is pharmaceutical biotechnology taught in Pharm D?,"Yes, pharmaceutical biotechnology is part of the curriculum."
Does the Pharm D program include research training?,"Yes, it includes research methodology and evidence-based practice."
What ethical topics are covered in the program?,"Students study healthcare ethics and legal issues related to pharmacy."
Can I work in a hospital pharmacy after Pharm D?,"Yes, hospital pharmacy is one of the career options."
Is community pharmacy a career path after Pharm D?,"Yes, graduates can work in community pharmacies."
Can I work in the pharmaceutical industry with a Pharm D degree?,"Yes, career paths include drug development, manufacturing, and regulatory affairs."
What government agencies can Pharm D graduates work in?,"They can work at agencies like the FDA, CDC, NIH, and other regulatory bodies."
Can I pursue research and development after this program?,"Yes, research and development is a common career path for Pharm D graduates."
Is academia a career option for Pharm D graduates?,"Yes, graduates can work in academia and education."
Will this degree prepare me for healthcare administration roles?,"Yes, the program equips students for roles in healthcare administration and policy."
Is patient communication taught in this program?,"Yes, communication skills for patient interaction are emphasized."
Who is the Registrar?,"Dr. Ghulam Hussain Jaffar is the Registrar."
What is the email of the Registrar?,"You can email him at registrar@multanust.edu.pk."
Who is the Controller of Examinations?,"Mr. Badar Munir is the Controller of Examinations."
What is the email of the Controller?,"You can reach him at controller@multanust.edu.pk."
Who is the Finance Manager?,"Mr. Imran Malik is the Finance Manager."
What is the email of the Finance Manager?,"You can email him at imran.malik@multanust.edu.pk."
Who is the Director of HR?,"Ms. Nasra Naqvi is the Director of HR."
What is the email of the HR Director?,"You can reach her at nasra.naqvi@multanust.edu.pk."
Who is the Director of Admissions and Marketing?,"Mr. Adil Khawaja is the Director of Admissions and Marketing."
What is the email of the Admissions Director?,"You can email him at adil.khawaja@multanust.edu.pk."
